{"A": [0.8623300586958146, 0.9817282451404751, 0.918013419185538, 0.7163654763224003, 0.9605939306786828, 0.10535569850024595, 0.11017993829505879, 0.7967874445465515, 0.40100560974033395, 0.6683804538904957], "B": [0.9108032733225849, 0.5126845596833859, 0.2889475226297349, 0.4361419616905007, 0.9162781988261498, 0.6417420997937421, 0.5703303219382578, 0.8317203028864074, 0.9987773067590386, 0.19901433153401582], "C": [0.6877286885216957, 0.16565933820204293, 0.25063345210121424, 0.31595887595060124, 0.03522116131022823, 0.5286776181365936, 0.8154337189974739, 0.8202821745739262, 0.0672014040433101, 0.12327287509980445], "D": [0.4836330819912691, 0.8546497284804153, 0.14752285825255218, 0.5918584543549938, 0.14518319590340412, 0.025762251428333438, 0.016788596008689316, 0.009725555304236244, 0.8177641188673302, 0.5450138847266498], "E": [0.6456541452062622, 0.7662672636891902, 0.04445215914793821, 0.3159171150800496, 0.9400712936126994, 0.6085210458061509, 0.6029509689621034, 0.34555270993185316, 0.7452915466172698, 0.03229045002223074]}